{
    "HR": {
        "timestamp": [
            0.4799995422363281,
            1.4799995422363282,
            2.5,
            3.5,
            4.5,
            5.5,
            6.520000457763672,
            7.539999008178711,
            8.539999008178711,
            9.559999465942383,
            10.559999465942383,
            11.559999465942383,
            12.579999923706055,
            13.579999923706055,
            14.579999923706055,
            15.579999923706055,
            16.579999923706056,
            17.579999923706056,
            18.579999923706056,
            19.579999923706056,
            20.600000381469728,
            21.600000381469728,
            22.6200008392334,
            23.6200008392334,
            24.639997482299806,
            25.659997940063478,
            26.659997940063478,
            27.67999839782715,
            28.69999885559082,
            29.69999885559082,
            30.719999313354493,
            31.719999313354493,
            32.720001220703128,
            33.720001220703128,
            34.720001220703128,
            35.720001220703128,
            36.73999786376953,
            37.73999786376953,
            38.73999786376953,
            39.76000213623047,
            40.76000213623047
        ],
        "value": [
            71.0,
            71.0,
            70.0,
            70.0,
            70.0,
            70.0,
            70.0,
            70.0,
            70.0,
            70.0,
            70.0,
            70.0,
            70.0,
            71.0,
            71.0,
            71.0,
            71.0,
            70.0,
            70.0,
            70.0,
            70.0,
            70.0,
            70.0,
            70.0,
            70.0,
            70.0,
            70.0,
            69.0,
            69.0,
            69.0,
            69.0,
            68.0,
            69.0,
            69.0,
            68.0,
            69.0,
            69.0,
            69.0,
            70.0,
            71.0,
            71.0
        ],
        "text": [],
        "type": 1
    },
    "RRi": {
        "timestamp": [
            0.4799995422363281,
            1.4799995422363282,
            2.5,
            3.5,
            4.5,
            5.5,
            6.520000457763672,
            7.539999008178711,
            8.539999008178711,
            9.559999465942383,
            10.559999465942383,
            11.559999465942383,
            12.579999923706055,
            13.579999923706055,
            14.579999923706055,
            15.579999923706055,
            16.579999923706056,
            17.579999923706056,
            18.579999923706056,
            19.579999923706056,
            20.600000381469728,
            21.600000381469728,
            22.6200008392334,
            23.6200008392334,
            24.639997482299806,
            25.659997940063478,
            26.659997940063478,
            27.67999839782715,
            28.69999885559082,
            29.69999885559082,
            30.719999313354493,
            31.719999313354493,
            32.720001220703128,
            33.720001220703128,
            34.720001220703128,
            35.720001220703128,
            36.73999786376953,
            37.73999786376953,
            38.73999786376953,
            39.76000213623047,
            40.76000213623047
        ],
        "value": [
            771.7882080078125,
            773.4801025390625,
            780.65185546875,
            778.6466674804688,
            783.6371459960938,
            791.3143920898438,
            788.5313110351563,
            786.325439453125,
            790.5980224609375,
            796.1790771484375,
            791.1383666992188,
            793.7364501953125,
            786.602783203125,
            768.4486694335938,
            765.85400390625,
            749.4019165039063,
            764.5904541015625,
            780.2684936523438,
            783.7757568359375,
            777.0800170898438,
            779.6906127929688,
            789.2738647460938,
            793.0513305664063,
            798.4004516601563,
            794.7422485351563,
            791.540771484375,
            800.7157592773438,
            808.536376953125,
            813.7640991210938,
            810.3436889648438,
            816.9446411132813,
            838.53076171875,
            830.6699829101563,
            831.6497192382813,
            839.9080200195313,
            830.1397094726563,
            828.4020385742188,
            811.5164184570313,
            799.5157470703125,
            781.8994140625,
            779.1802978515625
        ],
        "text": [],
        "type": 2
    },
    "RMSSD": {
        "timestamp": [
            0.4799995422363281,
            1.4799995422363282,
            2.5,
            3.5,
            4.5,
            5.5,
            6.520000457763672,
            7.539999008178711,
            8.539999008178711,
            9.559999465942383,
            10.559999465942383,
            11.559999465942383,
            12.579999923706055,
            13.579999923706055,
            14.579999923706055,
            15.579999923706055,
            16.579999923706056,
            17.579999923706056,
            18.579999923706056,
            19.579999923706056,
            20.600000381469728,
            21.600000381469728,
            22.6200008392334,
            23.6200008392334,
            24.639997482299806,
            25.659997940063478,
            26.659997940063478,
            27.67999839782715,
            28.69999885559082,
            29.69999885559082,
            30.719999313354493,
            31.719999313354493,
            32.720001220703128
        ],
        "value": [
            4.763015270233154,
            4.763015270233154,
            5.01910924911499,
            4.4973955154418949,
            5.043230056762695,
            7.699743747711182,
            7.313356876373291,
            9.093907356262207,
            10.382240295410157,
            11.535760879516602,
            11.444633483886719,
            11.538538932800293,
            11.53885269165039,
            11.734354019165039,
            10.132198333740235,
            10.251470565795899,
            8.74671459197998,
            7.21189546585083,
            5.835546016693115,
            6.283519268035889,
            6.126805305480957,
            6.170932769775391,
            5.719922065734863,
            9.105241775512696,
            9.305480003356934,
            9.231017112731934,
            9.573431015014649,
            9.638434410095215,
            9.297264099121094,
            10.727675437927246,
            11.392317771911621,
            12.62636947631836,
            10.415051460266114
        ],
        "text": [],
        "type": 5
    },
    "SDNN": {
        "timestamp": [
            9.559999465942383,
            19.579999923706056,
            29.69999885559082,
            39.76000213623047
        ],
        "value": [
            7.964978218078613,
            14.492870330810547,
            11.85627269744873,
            17.912229537963868
        ],
        "text": [],
        "type": 6
    },
    "EOM": {
        "timestamp": [],
        "value": [],
        "text": [],
        "type": 7
    },
    "automaticMarkers": {
        "timestamp": [],
        "value": [],
        "text": [],
        "type": 8
    },
    "manualMarkers": {
        "timestamp": [],
        "value": [],
        "text": [],
        "type": 9
    },
    "screenshots": {
        "timestamp": [],
        "value": [],
        "text": [],
        "type": 10
    },
    "headset_posX": {
        "timestamp": [],
        "value": [],
        "text": [],
        "type": 12
    },
    "headset_posY": {
        "timestamp": [],
        "value": [],
        "text": [],
        "type": 13
    },
    "headset_posZ": {
        "timestamp": [],
        "value": [],
        "text": [],