{
    "HR": {
        "timestamp": [
            0.6199989318847656,
            1.6199989318847657,
            2.6199989318847658,
            3.6399993896484377,
            4.6399993896484379,
            5.6399993896484379,
            6.6399993896484379,
            7.6399993896484379,
            8.639999389648438,
            9.65999984741211,
            10.65999984741211,
            11.65999984741211,
            12.65999984741211,
            13.65999984741211,
            14.65999984741211,
            15.65999984741211,
            16.65999984741211,
            17.68000030517578,
            18.68000030517578,
            19.68000030517578,
            20.68000030517578,
            21.699996948242189,
            22.699996948242189,
            23.699996948242189,
            24.699996948242189,
            25.699996948242189,
            26.699996948242189,
            27.699996948242189,
            28.720001220703126,
            29.720001220703126,
            30.720001220703126,
            31.73999786376953,
            32.73999786376953,
            33.73999786376953,
            34.73999786376953,
            35.73999786376953
        ],
        "value": [
            69.0,
            69.0,
            69.0,
            69.0,
            69.0,
            69.0,
            69.0,
            69.0,
            69.0,
            69.0,
            69.0,
            70.0,
            69.0,
            69.0,
            69.0,
            68.0,
            69.0,
            68.0,
            68.0,
            68.0,
            69.0,
            69.0,
            70.0,
            70.0,
            69.0,
            69.0,
            69.0,
            69.0,
            69.0,
            69.0,
            68.0,
            67.0,
            67.0,
            67.0,
            66.0,
            67.0
        ],
        "text": [],
        "type": 1
    },
    "RRi": {
        "timestamp": [
            0.6199989318847656,
            1.6199989318847657,
            2.6199989318847658,
            3.6399993896484377,
            4.6399993896484379,
            5.6399993896484379,
            6.6399993896484379,
            7.6399993896484379,
            8.639999389648438,
            9.65999984741211,
            10.65999984741211,
            11.65999984741211,
            12.65999984741211,
            13.65999984741211,
            14.65999984741211,
            15.65999984741211,
            16.65999984741211,
            17.68000030517578,
            18.68000030517578,
            19.68000030517578,
            20.68000030517578,
            21.699996948242189,
            22.699996948242189,
            23.699996948242189,
            24.699996948242189,
            25.699996948242189,
            26.699996948242189,
            27.699996948242189,
            28.720001220703126,
            29.720001220703126,
            30.720001220703126,
            31.73999786376953,
            32.73999786376953,
            33.73999786376953,
            34.73999786376953,
            35.73999786376953
        ],
        "value": [
            819.2479858398438,
            822.6076049804688,
            811.7603149414063,
            812.4605102539063,
            817.56787109375,
            830.0982666015625,
            826.5265502929688,
            830.6112060546875,
            827.811279296875,
            833.0645141601563,
            819.997802734375,
            805.4178466796875,
            809.9205932617188,
            811.1414794921875,
            819.6693725585938,
            834.0874633789063,
            828.0994262695313,
            834.9749755859375,
            846.1041259765625,
            845.0433349609375,
            830.5833740234375,
            808.8435668945313,
            795.8956909179688,
            781.093994140625,
            796.8760375976563,
            816.556396484375,
            815.2761840820313,
            810.7658081054688,
            816.5299682617188,
            828.4976806640625,
            837.0164794921875,
            846.8560791015625,
            850.4580688476563,
            866.2583618164063,
            890.088134765625,
            881.1414184570313
        ],
        "text": [],
        "type": 2
    },
    "RMSSD": {
        "timestamp": [
            0.6199989318847656,
            1.6199989318847657,
            2.6199989318847658,
            3.6399993896484377,
            4.6399993896484379,
            5.6399993896484379,
            6.6399993896484379,
            7.6399993896484379,
            8.639999389648438,
            9.65999984741211,
            10.65999984741211,
            11.65999984741211,
            12.65999984741211,
            13.65999984741211,
            14.65999984741211,
            15.65999984741211,
            16.65999984741211,
            17.68000030517578,
            18.68000030517578,
            19.68000030517578,
            20.68000030517578,
            21.699996948242189,
            22.699996948242189,
            23.699996948242189,
            24.699996948242189,
            25.699996948242189,
            26.699996948242189,
            27.699996948242189,
            28.720001220703126,
            29.720001220703126,
            30.720001220703126,
            31.73999786376953,
            32.73999786376953,
            33.73999786376953,
            34.73999786376953,
            35.73999786376953
        ],
        "value": [
            6.4757208824157719,
            6.4757208824157719,
            7.723460674285889,
            8.378397941589356,
            8.508573532104493,
            8.346441268920899,
            7.765178203582764,
            9.054195404052735,
            9.171079635620118,
            9.406923294067383,
            9.959213256835938,
            8.9632568359375,
            8.941632270812989,
            11.411103248596192,
            12.193242073059082,
            12.842818260192871,
            13.019784927368164,
            14.441811561584473,
            14.265182495117188,
            13.856184005737305,
            13.984295845031739,
            13.720141410827637,
            11.991345405578614,
            11.658575057983399,
            10.631114959716797,
            10.634126663208008,
            11.538840293884278,
            11.910351753234864,
            11.910351753234864,
            11.910351753234864,
            11.910351753234864,
            11.910351753234864,
            11.910351753234864,
            11.910351753234864,
            11.910351753234864,
            11.910351753234864
        ],
        "text": [],
        "type": 5
    },
    "SDNN": {
        "timestamp": [
            9.65999984741211,
            19.68000030517578,
            29.720001220703126
        ],
        "value": [
            7.645171642303467,
            13.949686050415039,
            17.884130477905275
        ],
        "text": [],
        "type": 6
    },