{
    "HR": {
        "timestamp": [
            0.9200000762939453,
            1.940000057220459,
            2.940000057220459,
            3.940000057220459,
            4.960000038146973,
            5.9599995613098148,
            6.9599995613098148,
            7.9599995613098148,
            8.959999084472657,
            9.959999084472657,
            10.959999084472657,
            11.959999084472657
        ],
        "value": [
            71.0,
            71.0,
            71.0,
            71.0,
            72.0,
            72.0,
            72.0,
            72.0,
            73.0,
            72.0,
            72.0,
            72.0
        ],
        "text": [],
        "type": 1
    },
    "RRi": {
        "timestamp": [
            0.9200000762939453,
            1.940000057220459,
            2.940000057220459,
            3.940000057220459,
            4.960000038146973,
            5.9599995613098148,
            6.9599995613098148,
            7.9599995613098148,
            8.959999084472657,
            9.959999084472657,
            10.959999084472657,
            11.959999084472657
        ],
        "value": [
            776.2305908203125,
            766.1729736328125,
            782.0401611328125,
            767.7953491210938,
            756.8992919921875,
            755.1839599609375,
            747.02685546875,
            737.6638793945313,
            729.8916015625,
            735.5440673828125,
            737.6077270507813,
            735.9426879882813
        ],
        "text": [],
        "type": 2
    },
    "RMSSD": {
        "timestamp": [
            0.9200000762939453,
            1.940000057220459,
            2.940000057220459,
            3.940000057220459
        ],
        "value": [
            10.13282299041748,
            10.13282299041748,
            9.58685302734375,
            8.01508617401123
        ],
        "text": [],
        "type": 5
    },
    "SDNN": {
        "timestamp": [
            9.959999084472657
        ],
        "value": [
            17.7801513671875
        ],
        "text": [],
        "type": 6
    },
    "EOM": {
        "timestamp": [],
        "value": [],
        "text": [],
        "type": 7
    },
    "automaticMarkers": {
        "timestamp": [],
        "value": [],
        "text": [],
        "type": 8
    },
    "manualMarkers": {
        "timestamp": [],
        "value": [],
        "text": [],
        "type": 9
    },
    "screenshots": {
        "timestamp": [],
        "value": [],
        "text": [],
        "type": 10
    },
    "headset_posX": {
        "timestamp": [],
        "value": [],
        "text": [],
        "type": 12
    },
    "headset_posY": {
        "timestamp": [],
        "value": [],
        "text": [],
        "type": 13
    },
    "headset_posZ": {
        "timestamp": [],
        "value": [],
        "text": [],
        "type": 14
    },
    "headset_q0": {
        "timestamp": [],
        "value": [],
        "text": [],
        "type": 15
    },
    "headset_qi": {
        "timestamp": [],
        "value": [],
        "text": [],
        "type": 16
    },
    "headset_qj": {
        "timestamp": [],
        "value": [],
        "text": [],
        "type": 17
    },
    "headset_qk": {
        "timestamp": [],
        "value": [],
        "text": [],
        "type": 18
    },
    "headset_yaw": {
        "timestamp": [],
        "value": [],
        "text": [],
        "type": 20
    },
    "headset_pitch": {
        "timestamp": [],
        "value": [],
        "text": [],
        "type": 19
    },
    "headset_roll": {
        "timestamp": [],
        "value": [],
        "text": [],
        "type": 21
    },
    "headset_velPosX": {
        "timestamp": [],
        "value": [],
        "text": [],
        "type": 23
    },
    "headset_velPosY": {
        "timestamp": [],
        "value": [],
        "text": [],
        "type": 25
    },
    "headset_velPosZ": {
        "timestamp": [],
        "value": [],
        "text": [],
        "type": 27
    },
    "headset_accPosX": {
        "timestamp": [],
        "value": [],
        "text": [],
        "type": 24
    },
    "headset_accPosY": {
        "timestamp": [],
        "value": [],
        "text": [],
        "type": 26
    },
    "headset_accPosZ": {
        "timestamp": [],
        "value": [],
        "text": [],
        "type": 28
    },
    "headset_velQuat0": {
        "timestamp": [],
        "value": [],
        "text": [],
        "type": 29
    },
    "headset_velQuati": {
        "timestamp": [],
        "value": [],
        "text": [],
        "type": 30
    },
    "headset_velQuatj": {
        "timestamp": [],
        "value": [],
        "text": [],
        "type": 31
    },
    "headset_velQuatk": {
        "timestamp": [],
        "value": [],
        "text": [],
        "type": 32
    },
    "headset_accQuat0": {
        "timestamp": [],
        "value": [],
        "text": [],
        "type": 33
    },
    "headset_accQuati": {
        "timestamp": [],
        "value": [],
        "text": [],
        "type": 34
    },
    "headset_accQuatj": {
        "timestamp": [],
        "value": [],
        "text": [],
        "type": 35
    },
    "headset_accQuatk": {
        "timestamp": [],
        "value": [],
        "text": [],
        "type": 36
    },
    "headset_velEuleri": {
        "timestamp": [],
        "value": [],
        "text": [],
        "type": 37
    },
    "headset_velEulerj": {
        "timestamp": [],
        "value": [],
        "text": [],
        "type": 38
    },
    "headset_velEulerk": {
        "timestamp": [],
        "value": [],
        "text": [],
        "type": 39
    },
    "headset_accEuleri": {
        "timestamp": [],
        "value": [],
        "text": [],
        "type": 40
    },
    "headset_accEulerj": {
        "timestamp": [],
        "value": [],
        "text": [],
        "type": 41
    },
    "headset_accEulerk": {
        "timestamp": [],
        "value": [],
        "text": [],
        "type": 42
    }
}