{
    "HR": {
        "timestamp": [
            0.07999420166015625,
            1.0799942016601563,
            2.0799942016601564,
            3.0999984741210939,
            4.099998474121094,
            5.099998474121094,
            6.099998474121094,
            7.1199951171875,
            8.1199951171875,
            9.1199951171875,
            10.1199951171875,
            11.1199951171875,
            12.1199951171875,
            13.1199951171875,
            14.139999389648438,
            15.139999389648438,
            16.139999389648439,
            17.139999389648439,
            18.139999389648439,
            19.139999389648439,
            20.139999389648439,
            21.139999389648439,
            22.139999389648439,
            23.159996032714845,
            24.159996032714845,
            25.159996032714845,
            26.159996032714845,
            27.159996032714845,
            28.159996032714845,
            29.18000030517578,
            30.18000030517578,
            31.18000030517578,
            32.18000030517578,
            33.199989318847659,
            34.199989318847659
        ],
        "value": [
            72.0,
            72.0,
            72.0,
            71.0,
            71.0,
            71.0,
            71.0,
            71.0,
            72.0,
            72.0,
            73.0,
            73.0,
            73.0,
            72.0,
            73.0,
            72.0,
            71.0,
            72.0,
            72.0,
            72.0,
            72.0,
            72.0,
            72.0,
            72.0,
            72.0,
            71.0,
            71.0,
            71.0,
            71.0,
            71.0,
            70.0,
            70.0,
            70.0,
            70.0,
            70.0
        ],
        "text": [],
        "type": 1
    },
    "RRi": {
        "timestamp": [
            0.07999420166015625,
            1.0799942016601563,
            2.0799942016601564,
            3.0999984741210939,
            4.099998474121094,
            5.099998474121094,
            6.099998474121094,
            7.1199951171875,
            8.1199951171875,
            9.1199951171875,
            10.1199951171875,
            11.1199951171875,
            12.1199951171875,
            13.1199951171875,
            14.139999389648438,
            15.139999389648438,
            16.139999389648439,
            17.139999389648439,
            18.139999389648439,
            19.139999389648439,
            20.139999389648439,
            21.139999389648439,
            22.139999389648439,
            23.159996032714845,
            24.159996032714845,
            25.159996032714845,
            26.159996032714845,
            27.159996032714845,
            28.159996032714845,
            29.18000030517578,
            30.18000030517578,
            31.18000030517578,
            32.18000030517578,
            33.199989318847659,
            34.199989318847659
        ],
        "value": [
            791.9385375976563,
            797.6556396484375,
            800.5112915039063,
            804.8033447265625,
            807.97607421875,
            811.94189453125,
            807.8775634765625,
            811.3369750976563,
            802.0187377929688,
            794.1322631835938,
            780.650390625,
            782.2214965820313,
            787.7491455078125,
            800.83447265625,
            785.9678955078125,
            794.1967163085938,
            810.9495239257813,
            806.4069213867188,
            797.0103759765625,
            801.9118041992188,
            790.5081176757813,
            798.0050048828125,
            799.9087524414063,
            799.7489013671875,
            805.6622924804688,
            815.45361328125,
            825.4668579101563,
            818.5836181640625,
            821.587158203125,
            833.21875,
            840.6395874023438,
            827.531982421875,
            834.5078125,
            843.5142211914063,
            833.4105224609375
        ],
        "text": [],
        "type": 2
    },
    "RMSSD": {
        "timestamp": [
            0.07999420166015625,
            1.0799942016601563,
            2.0799942016601564,
            3.0999984741210939,
            4.099998474121094,
            5.099998474121094,
            6.099998474121094,
            7.1199951171875,
            8.1199951171875,
            9.1199951171875,
            10.1199951171875,
            11.1199951171875,
            12.1199951171875,
            13.1199951171875,
            14.139999389648438,
            15.139999389648438,
            16.139999389648439,
            17.139999389648439,
            18.139999389648439,
            19.139999389648439,
            20.139999389648439,
            21.139999389648439,
            22.139999389648439,
            23.159996032714845,
            24.159996032714845,
            25.159996032714845,
            26.159996032714845
        ],
        "value": [
            5.401317119598389,
            5.401317119598389,
            6.763001441955566,
            6.716126918792725,
            6.81575345993042,
            8.022538185119629,
            9.336531639099121,
            9.636343955993653,
            11.077610969543457,
            10.740509033203125,
            10.874667167663575,
            10.03653621673584,
            10.719474792480469,
            10.851588249206543,
            9.956634521484375,
            8.635981559753418,
            8.422696113586426,
            7.099997043609619,
            7.697903633117676,
            7.396721839904785,
            7.283166885375977,
            7.323102951049805,
            7.314491271972656,
            8.496411323547364,
            8.808693885803223,
            9.095084190368653,
            9.132966995239258
        ],
        "text": [],
        "type": 5
    },
    "SDNN": {
        "timestamp": [
            9.1199951171875,
            19.139999389648439,
            29.18000030517578
        ],
        "value": [
            6.975945949554443,
            9.870729446411133,
            13.531380653381348
        ],
        "text": [],
        "type": 6
    },
    "EOM": {
        "timestamp": [],
        "value": [],
        "text": [],
        "type": 7
    },
    "automaticMarkers": {
        "timestamp": [],
        "value": [],
        "text": [],
        "type": 8
    },
    "manualMarkers": {
        "timestamp": [],
        "value": [],
        "text": [],
        "type": 9
    },
    "screenshots": {
        "timestamp": [],
        "value": [],
        "text": [],
        "type": 10
    },
    "headset_posX": {
        "timestamp": [],
        "value": [],
        "text": [],
        "type": 12
    },
    "headset_posY": {
        "timestamp": [],
        "value": [],
        "text": [],
        "type": 13
    },
    "headset_posZ": {
        "timestamp": [],
        "value": [],
        "text": [],
        "type": 14
    },
    "headset_q0": {
        "timestamp": [],
        "value": [],
        "text": [],
        "type": 15
    },
    "headset_qi": {
        "timestamp": [],
        "value": [],
        "text": [],
        "type": 16
    },
    "headset_qj": {
        "timestamp": [],
        "value": [],
        "text": [],
        "type": 17
    },
    "headset_qk": {
        "timestamp": [],
        "value": [],
        "text": [],
        "type": 18
    },
    "headset_yaw": {
        "timestamp": [],
        "value": [],
        "text": [],
        "type": 20
    },
    "headset_pitch": {
        "timestamp": [],
        "value": [],
        "text": [],
        "type": 19
    },
    "headset_roll": {
        "timestamp": [],
        "value": [],
        "text": [],
        "type": 21
    },
    "headset_velPosX": {
        "timestamp": [],
        "value": [],
        "text": [],
        "type": 23
    },
    "headset_velPosY": {
        "timestamp": [],