{
    "HR": {
        "timestamp": [
            0.21999996900558473,
            1.21999990940094,
            2.2200000286102297,
            3.2200000286102297,
            4.220000267028809,
            5.239999771118164,
            6.239999771118164,
            7.239999771118164,
            8.239999771118164,
            9.239999771118164,
            10.239999771118164,
            11.239999771118164,
            12.239999771118164,
            13.239999771118164,
            14.25999927520752,
            15.260000228881836,
            16.260000228881837,
            17.260000228881837,
            18.260000228881837
        ],
        "value": [
            71.0,
            70.0,
            70.0,
            70.0,
            71.0,
            72.0,
            71.0,
            71.0,
            72.0,
            73.0,
            73.0,
            72.0,
            73.0,
            73.0,
            73.0,
            73.0,
            73.0,
            73.0,
            73.0
        ],
        "text": [],
        "type": 1
    },
    "RRi": {
        "timestamp": [
            0.21999996900558473,
            1.21999990940094,
            2.2200000286102297,
            3.2200000286102297,
            4.220000267028809,
            5.239999771118164,
            6.239999771118164,
            7.239999771118164,
            8.239999771118164,
            9.239999771118164,
            10.239999771118164,
            11.239999771118164,
            12.239999771118164,
            13.239999771118164,
            14.25999927520752,
            15.260000228881836,
            16.260000228881837,
            17.260000228881837,
            18.260000228881837
        ],
        "value": [
            777.0570068359375,
            783.4992065429688,
            780.4832153320313,
            781.5751953125,
            772.9744873046875,
            762.7072143554688,
            762.9586791992188,
            769.0479736328125,
            754.6810913085938,
            740.8277587890625,
            737.6416015625,
            742.4823608398438,
            729.7962646484375,
            734.1659545898438,
            728.2167358398438,
            735.124267578125,
            723.736572265625,
            733.3162841796875,
            733.8079223632813
        ],
        "text": [],
        "type": 2
    },
    "RMSSD": {
        "timestamp": [
            0.21999996900558473,
            1.21999990940094,
            2.2200000286102297,
            3.2200000286102297,
            4.220000267028809,
            5.239999771118164,
            6.239999771118164,
            7.239999771118164,
            8.239999771118164,
            9.239999771118164,
            10.239999771118164
        ],
        "value": [
            8.606486320495606,
            8.606486320495606,
            8.401680946350098,
            8.495952606201172,
            9.483175277709961,
            9.156039237976075,
            8.720816612243653,
            9.019267082214356,
            9.572673797607422,
            8.88249397277832,
            7.5895771980285648
        ],
        "text": [],
        "type": 5
    },
    "SDNN": {
        "timestamp": [
            9.239999771118164
        ],
        "value": [
            13.556425094604493
        ],
        "text": [],
        "type": 6
    },
    "EOM": {
        "timestamp": [],
        "value": [],
        "text": [],
        "type": 7
    },
    "automaticMarkers": {
        "timestamp": [],
        "value": [],
        "text": [],
        "type": 8
    },
    "manualMarkers": {
        "timestamp": [],
        "value": [],
        "text": [],
        "type": 9
    },
    "screenshots": {
        "timestamp": [],
        "value": [],
        "text": [],
        "type": 10
    },
    "headset_posX": {
        "timestamp": [],
        "value": [],
        "text": [],
        "type": 12
    },
    "headset_posY": {
        "timestamp": [],
        "value": [],
        "text": [],
        "type": 13
    },
    "headset_posZ": {
        "timestamp": [],
        "value": [],
        "text": [],
        "type": 14
    },
    "headset_q0": {
        "timestamp": [],
        "value": [],
        "text": [],
        "type": 15
    },
    "headset_qi": {
        "timestamp": [],
        "value": [],
        "text": [],
        "type": 16
    },
    "headset_qj": {
        "timestamp": [],
        "value": [],
        "text": [],
        "type": 17
    },
    "headset_qk": {
        "timestamp": [],
        "value": [],
        "text": [],
        "type": 18
    },
    "headset_yaw": {
        "timestamp": [],
        "value": [],
        "text": [],
        "type": 20
    },
    "headset_pitch": {
        "timestamp": [],
        "value": [],
        "text": [],
        "type": 19
    },
    "headset_roll": {
        "timestamp": [],
        "value": [],
        "text": [],
        "type": 21
    },
    "headset_velPosX": {
        "timestamp": [],
        "value": [],
        "text": [],
        "type": 23
    },
    "headset_velPosY": {
        "timestamp": [],
        "value": [],
        "text": [],
        "type": 25
    },
    "headset_velPosZ": {
        "timestamp": [],
        "value": [],
        "text": [],
        "type": 27
    },
    "headset_accPosX": {
        "timestamp": [],
        "value": [],
        "text": [],
        "type": 24
    },
    "headset_accPosY": {
        "timestamp": [],
        "value": [],
        "text": [],
        "type": 26
    },
    "headset_accPosZ": {
        "timestamp": [],
        "value": [],
        "text": [],
        "type": 28
    },
    "headset_velQuat0": {
        "timestamp": [],
        "value": [],
        "text": [],
        "type": 29
    },
    "headset_velQuati": {
        "timestamp": [],
        "value": [],
        "text": [],
        "type": 30
    },
    "headset_velQuatj": {
        "timestamp": [],
        "value": [],
        "text": [],
        "type": 31
    },
    "headset_velQuatk": {
        "timestamp": [],
        "value": [],
        "text": [],
        "type": 32
    },
    "headset_accQuat0": {
        "timestamp": [],
        "value": [],
        "text": [],
        "type": 33
    },
    "headset_accQuati": {
        "timestamp": [],
        "value": [],
        "text": [],
        "type": 34
    },
    "headset_accQuatj": {
        "timestamp": [],
        "value": [],
        "text": [],
        "type": 35
    },
    "headset_accQuatk": {
        "timestamp": [],
        "value": [],
        "text": [],
        "type": 36
    },
    "headset_velEuleri": {
        "timestamp": [],
        "value": [],
        "text": [],
        "type": 37
    },
    "headset_velEulerj": {
        "timestamp": [],
        "value": [],
        "text": [],
        "type": 38
    },
    "headset_velEulerk": {
        "timestamp": [],
        "value": [],
        "text": [],
        "type": 39
    },
    "headset_accEuleri": {
        "timestamp": [],
        "value": [],
        "text": [],
        "type": 40
    },
    "headset_accEulerj": {
        "timestamp": [],
        "value": [],
        "text": [],
        "type": 41
    },
    "headset_accEulerk": {
        "timestamp": [],
        "value": [],
        "text": [],
        "type": 42
    }
}