{
    "HR": {
        "timestamp": [
            0.6200027465820313,
            1.6200027465820313,
            2.6200027465820314,
            3.6200027465820314,
            4.6399993896484379,
            5.6399993896484379,
            6.6399993896484379,
            7.6399993896484379,
            8.639999389648438,
            9.639999389648438,
            10.639999389648438,
            11.639999389648438,
            12.639999389648438,
            13.660003662109375,
            14.660003662109375,
            15.660003662109375,
            16.660003662109376,
            17.660003662109376,
            18.660003662109376
        ],
        "value": [
            77.0,
            76.0,
            76.0,
            75.0,
            76.0,
            76.0,
            76.0,
            75.0,
            75.0,
            76.0,
            76.0,
            77.0,
            77.0,
            77.0,
            77.0,
            77.0,
            77.0,
            78.0,
            78.0
        ],
        "text": [],
        "type": 1
    },
    "RRi": {
        "timestamp": [
            0.6200027465820313,
            1.6200027465820313,
            2.6200027465820314,
            3.6200027465820314,
            4.6399993896484379,
            5.6399993896484379,
            6.6399993896484379,
            7.6399993896484379,
            8.639999389648438,
            9.639999389648438,
            10.639999389648438,
            11.639999389648438,
            12.639999389648438,
            13.660003662109375,
            14.660003662109375,
            15.660003662109375,
            16.660003662109376,
            17.660003662109376,
            18.660003662109376
        ],
        "value": [
            641.5095825195313,
            650.7649536132813,
            652.8575439453125,
            658.0952758789063,
            646.0237426757813,
            650.47216796875,
            652.967529296875,
            660.3331909179688,
            660.4313354492188,
            655.1712036132813,
            644.2362670898438,
            636.9246215820313,
            635.1360473632813,
            636.2333374023438,
            638.6324462890625,
            633.9497680664063,
            629.7987060546875,
            621.2814331054688,
            611.9859008789063
        ],
        "text": [],
        "type": 2
    },
    "RMSSD": {
        "timestamp": [
            0.6200027465820313,
            1.6200027465820313,
            2.6200027465820314,
            3.6200027465820314,
            4.6399993896484379,
            5.6399993896484379,
            6.6399993896484379,
            7.6399993896484379,
            8.639999389648438,
            9.639999389648438,
            10.639999389648438
        ],
        "value": [
            6.421694755554199,
            6.421694755554199,
            6.708654403686523,
            7.103486061096191,
            6.911349773406982,
            5.631093978881836,
            5.490903377532959,
            5.647524833679199,
            5.270770072937012,
            5.9866838455200199,
            6.5089802742004398
        ],
        "text": [],
        "type": 5
    },
    "SDNN": {
        "timestamp": [
            9.639999389648438
        ],
        "value": [
            6.069892406463623
        ],
        "text": [],
        "type": 6
    },
    "EOM": {
        "timestamp": [],
        "value": [],
        "text": [],
        "type": 7
    },
    "automaticMarkers": {
        "timestamp": [],
        "value": [],
        "text": [],
        "type": 8
    },
    "manualMarkers": {
        "timestamp": [],
        "value": [],
        "text": [],
        "type": 9
    },
    "screenshots": {
        "timestamp": [],
        "value": [],
        "text": [],
        "type": 10
    },
    "headset_posX": {
        "timestamp": [],
        "value": [],
        "text": [],
        "type": 12
    },
    "headset_posY": {
        "timestamp": [],
        "value": [],
        "text": [],
        "type": 13
    },
    "headset_posZ": {
        "timestamp": [],
        "value": [],
        "text": [],
        "type": 14
    },
    "headset_q0": {
        "timestamp": [],
        "value": [],
        "text": [],
        "type": 15
    },
    "headset_qi": {
        "timestamp": [],
        "value": [],
        "text": [],
        "type": 16
    },
    "headset_qj": {
        "timestamp": [],
        "value": [],
        "text": [],
        "type": 17
    },
    "headset_qk": {
        "timestamp": [],
        "value": [],
        "text": [],
        "type": 18
    },
    "headset_yaw": {
        "timestamp": [],
        "value": [],
        "text": [],
        "type": 20
    },
    "headset_pitch": {
        "timestamp": [],
        "value": [],
        "text": [],
        "type": 19
    },
    "headset_roll": {
        "timestamp": [],
        "value": [],
        "text": [],
        "type": 21
    },
    "headset_velPosX": {
        "timestamp": [],
        "value": [],
        "text": [],
        "type": 23
    },
    "headset_velPosY": {
        "timestamp": [],
        "value": [],
        "text": [],
        "type": 25
    },
    "headset_velPosZ": {
        "timestamp": [],
        "value": [],
        "text": [],
        "type": 27
    },
    "headset_accPosX": {
        "timestamp": [],
        "value": [],
        "text": [],
        "type": 24
    },
    "headset_accPosY": {
        "timestamp": [],
        "value": [],
        "text": [],
        "type": 26
    },
    "headset_accPosZ": {
        "timestamp": [],
        "value": [],
        "text": [],
        "type": 28
    },
    "headset_velQuat0": {
        "timestamp": [],
        "value": [],
        "text": [],
        "type": 29
    },
    "headset_velQuati": {
        "timestamp": [],
        "value": [],
        "text": [],
        "type": 30
    },
    "headset_velQuatj": {
        "timestamp": [],
        "value": [],
        "text": [],
        "type": 31
    },
    "headset_velQuatk": {
        "timestamp": [],
        "value": [],
        "text": [],
        "type": 32
    },
    "headset_accQuat0": {
        "timestamp": [],
        "value": [],
        "text": [],
        "type": 33
    },
    "headset_accQuati": {
        "timestamp": [],
        "value": [],
        "text": [],
        "type": 34
    },
    "headset_accQuatj": {
        "timestamp": [],
        "value": [],
        "text": [],
        "type": 35
    },
    "headset_accQuatk": {
        "timestamp": [],
        "value": [],
        "text": [],
        "type": 36
    },
    "headset_velEuleri": {
        "timestamp": [],
        "value": [],
        "text": [],
        "type": 37
    },
    "headset_velEulerj": {
        "timestamp": [],
        "value": [],
        "text": [],
        "type": 38
    },
    "headset_velEulerk": {
        "timestamp": [],
        "value": [],
        "text": [],
        "type": 39
    },
    "headset_accEuleri": {
        "timestamp": [],
        "value": [],
        "text": [],
        "type": 40
    },
    "headset_accEulerj": {
        "timestamp": [],
        "value": [],
        "text": [],
        "type": 41
    },
    "headset_accEulerk": {
        "timestamp": [],
        "value": [],
        "text": [],
        "type": 42
    }
}