{
    "HR": {
        "timestamp": [
            0.12000036239624024,
            1.1200003623962403,
            2.1200003623962404,
            3.1200003623962404,
            4.139999866485596,
            5.139999866485596,
            6.139999866485596,
            7.139999866485596,
            8.14000129699707,
            9.14000129699707,
            10.14000129699707,
            11.15999984741211,
            12.15999984741211,
            13.15999984741211,
            14.15999984741211,
            15.15999984741211,
            16.15999984741211,
            17.15999984741211,
            18.15999984741211,
            19.18000030517578,
            20.18000030517578,
            21.18000030517578,
            22.18000030517578,
            23.18000030517578,
            24.17999839782715,
            25.17999839782715,
            26.19999885559082,
            27.19999885559082,
            28.19999885559082,
            29.19999885559082,
            30.19999885559082,
            31.19999885559082,
            32.19999694824219,
            33.21999740600586,
            34.21999740600586,
            35.21999740600586
        ],
        "value": [
            70.0,
            69.0,
            70.0,
            70.0,
            70.0,
            70.0,
            71.0,
            71.0,
            70.0,
            71.0,
            71.0,
            71.0,
            70.0,
            70.0,
            70.0,
            70.0,
            69.0,
            69.0,
            69.0,
            69.0,
            69.0,
            70.0,
            69.0,
            68.0,
            68.0,
            68.0,
            68.0,
            69.0,
            68.0,
            69.0,
            69.0,
            68.0,
            69.0,
            69.0,
            69.0,
            69.0
        ],
        "text": [],
        "type": 1
    },
    "RRi": {
        "timestamp": [
            0.12000036239624024,
            1.1200003623962403,
            2.1200003623962404,
            3.1200003623962404,
            4.139999866485596,
            5.139999866485596,
            6.139999866485596,
            7.139999866485596,
            8.14000129699707,
            9.14000129699707,
            10.14000129699707,
            11.15999984741211,
            12.15999984741211,
            13.15999984741211,
            14.15999984741211,
            15.15999984741211,
            16.15999984741211,
            17.15999984741211,
            18.15999984741211,
            19.18000030517578,
            20.18000030517578,
            21.18000030517578,
            22.18000030517578,
            23.18000030517578,
            24.17999839782715,
            25.17999839782715,
            26.19999885559082,
            27.19999885559082,
            28.19999885559082,
            29.19999885559082,
            30.19999885559082,
            31.19999885559082,
            32.19999694824219,
            33.21999740600586,
            34.21999740600586,
            35.21999740600586
        ],
        "value": [
            805.6275024414063,
            816.21435546875,
            800.0289916992188,
            800.1824340820313,
            798.652099609375,
            794.3076782226563,
            781.4715576171875,
            782.515869140625,
            787.310546875,
            782.3702392578125,
            779.0932006835938,
            778.1434326171875,
            792.9204711914063,
            806.0503540039063,
            805.583251953125,
            810.6199951171875,
            827.6493530273438,
            827.6226196289063,
            827.1533203125,
            829.4907836914063,
            827.1718139648438,
            822.1970825195313,
            832.4498901367188,
            845.57958984375,
            853.8119506835938,
            845.0572509765625,
            842.5379028320313,
            831.6634521484375,
            845.7144165039063,
            834.8953857421875,
            825.6908569335938,
            834.4442749023438,
            833.2211303710938,
            833.0546875,
            828.7220458984375,
            833.626220703125
        ],
        "text": [],
        "type": 2
    },
    "RMSSD": {
        "timestamp": [
            0.12000036239624024,
            1.1200003623962403,
            2.1200003623962404,
            3.1200003623962404,
            4.139999866485596,
            5.139999866485596,
            6.139999866485596,
            7.139999866485596,
            8.14000129699707,
            9.14000129699707,
            10.14000129699707,
            11.15999984741211,
            12.15999984741211,
            13.15999984741211,
            14.15999984741211,
            15.15999984741211,
            16.15999984741211,
            17.15999984741211,
            18.15999984741211,
            19.18000030517578,
            20.18000030517578,
            21.18000030517578,
            22.18000030517578,
            23.18000030517578,
            24.17999839782715,
            25.17999839782715,
            26.19999885559082,
            27.19999885559082,
            28.19999885559082,
            29.19999885559082,
            30.19999885559082,
            31.19999885559082,
            32.19999694824219,
            33.21999740600586,
            34.21999740600586,
            35.21999740600586
        ],
        "value": [
            8.222861289978028,
            8.222861289978028,
            7.5070085525512699,
            5.229538917541504,
            7.183855056762695,
            8.39657211303711,
            8.272216796875,
            7.276055335998535,
            9.221817970275879,
            9.08227252960205,
            8.933100700378418,
            8.900233268737793,
            8.928126335144043,
            7.628820419311523,
            7.1220808029174809,
            8.357877731323243,
            8.635135650634766,
            7.131587505340576,
            7.180856227874756,
            8.0423583984375,
            9.274106979370118,
            9.920547485351563,
            10.250911712646485,
            10.095285415649414,
            9.10640811920166,
            8.683292388916016,
            8.304771423339844,
            8.422369956970215,
            8.422369956970215,
            8.422369956970215,
            8.422369956970215,
            8.422369956970215,
            8.422369956970215,
            8.422369956970215,
            8.422369956970215,
            8.422369956970215
        ],
        "text": [],
        "type": 5
    },
    "SDNN": {
        "timestamp": [
            9.14000129699707,
            19.18000030517578,
            29.19999885559082
        ],
        "value": [
            11.480877876281739,
            20.460676193237306,
            9.758795738220215
        ],
        "text": [],
        "type": 6
    },