{
    "HR": {
        "timestamp": [
            0.21999996900558473,
            1.21999990940094,
            2.2200000286102297,
            3.240000009536743,
            4.239999771118164,
            5.239999771118164,
            6.239999771118164,
            7.239999771118164,
            8.25999927520752,
            9.25999927520752,
            10.25999927520752,
            11.279999732971192,
            12.279999732971192,
            13.279999732971192,
            14.279999732971192,
            15.279998779296875,
            16.299999237060548,
            17.299999237060548,
            18.299999237060548,
            19.299999237060548,
            20.299999237060548,
            21.299999237060548,
            22.31999969482422,
            23.31999969482422,
            24.31999969482422,
            25.31999969482422,
            26.31999969482422,
            27.339998245239259,
            28.339998245239259,
            29.339998245239259,
            30.339998245239259,
            31.339998245239259,
            32.36000061035156,
            33.36000061035156,
            34.36000061035156,
            35.36000061035156,
            36.36000061035156,
            37.36000061035156,
            38.36000061035156,
            39.36000061035156,
            40.380001068115237,
            41.380001068115237,
            42.380001068115237,
            43.400001525878909
        ],
        "value": [
            70.0,
            70.0,
            70.0,
            70.0,
            70.0,
            71.0,
            71.0,
            70.0,
            70.0,
            69.0,
            69.0,
            69.0,
            69.0,
            69.0,
            69.0,
            69.0,
            69.0,
            70.0,
            70.0,
            71.0,
            70.0,
            70.0,
            69.0,
            69.0,
            69.0,
            70.0,
            69.0,
            69.0,
            69.0,
            69.0,
            70.0,
            70.0,
            69.0,
            69.0,
            69.0,
            69.0,
            70.0,
            69.0,
            69.0,
            69.0,
            69.0,
            68.0,
            68.0,
            67.0
        ],
        "text": [],
        "type": 1
    },
    "RRi": {
        "timestamp": [
            0.21999996900558473,
            1.21999990940094,
            2.2200000286102297,
            3.240000009536743,
            4.239999771118164,
            5.239999771118164,
            6.239999771118164,
            7.239999771118164,
            8.25999927520752,
            9.25999927520752,
            10.25999927520752,
            11.279999732971192,
            12.279999732971192,
            13.279999732971192,
            14.279999732971192,
            15.279998779296875,
            16.299999237060548,
            17.299999237060548,
            18.299999237060548,
            19.299999237060548,
            20.299999237060548,
            21.299999237060548,
            22.31999969482422,
            23.31999969482422,
            24.31999969482422,
            25.31999969482422,
            26.31999969482422,
            27.339998245239259,
            28.339998245239259,
            29.339998245239259,
            30.339998245239259,
            31.339998245239259,
            32.36000061035156,
            33.36000061035156,
            34.36000061035156,
            35.36000061035156,
            36.36000061035156,
            37.36000061035156,
            38.36000061035156,
            39.36000061035156,
            40.380001068115237,
            41.380001068115237,
            42.380001068115237,
            43.400001525878909
        ],
        "value": [
            799.0804443359375,
            809.0411987304688,
            799.5344848632813,
            801.255615234375,
            791.443603515625,
            776.1906127929688,
            780.01220703125,
            792.7235107421875,
            800.1131591796875,
            814.3012084960938,
            811.4221801757813,
            815.6185913085938,
            808.5294799804688,
            809.9766845703125,
            815.06201171875,
            821.2828369140625,
            807.8078002929688,
            797.1862182617188,
            782.2014770507813,
            773.7312622070313,
            784.6202392578125,
            793.5097045898438,
            800.5220336914063,
            816.32763671875,
            811.0098876953125,
            796.7388916015625,
            808.393798828125,
            832.0693359375,
            829.4720458984375,
            821.587158203125,
            812.1369018554688,
            814.2446899414063,
            823.68798828125,
            824.198486328125,
            820.8883666992188,
            828.2955322265625,
            817.700927734375,
            823.8203125,
            829.377197265625,
            814.2894897460938,
            829.674560546875,
            836.7083740234375,
            860.200927734375,
            869.0527954101563
        ],
        "text": [],
        "type": 2
    },
    "RMSSD": {
        "timestamp": [
            0.21999996900558473,
            1.21999990940094,
            2.2200000286102297,
            3.240000009536743,
            4.239999771118164,
            5.239999771118164,
            6.239999771118164,
            7.239999771118164,
            8.25999927520752,
            9.25999927520752,
            10.25999927520752,
            11.279999732971192,
            12.279999732971192,
            13.279999732971192,
            14.279999732971192,
            15.279998779296875,
            16.299999237060548,
            17.299999237060548,
            18.299999237060548,
            19.299999237060548,
            20.299999237060548,
            21.299999237060548,
            22.31999969482422,
            23.31999969482422,
            24.31999969482422,
            25.31999969482422,
            26.31999969482422,
            27.339998245239259,
            28.339998245239259,
            29.339998245239259,
            30.339998245239259,
            31.339998245239259,
            32.36000061035156,
            33.36000061035156,
            34.36000061035156,
            35.36000061035156
        ],
        "value": [
            10.29333782196045,
            10.29333782196045,
            9.790287971496582,
            9.368266105651856,
            9.644647598266602,
            9.085958480834961,
            7.718654155731201,
            7.890167236328125,
            8.02975082397461,
            8.422873497009278,
            8.574800491333008,
            8.976515769958496,
            9.581003189086914,
            9.746381759643555,
            10.011137962341309,
            11.185121536254883,
            11.133245468139649,
            11.242908477783204,
            11.356084823608399,
            12.895453453063965,
            12.612321853637696,
            12.361398696899414,
            12.407535552978516,
            12.205610275268555,
            11.451108932495118,
            11.314363479614258,
            10.324882507324219,
            9.879597663879395,
            6.913534164428711,
            7.1559882164001469,
            6.908779144287109,
            7.943639278411865,
            9.429093360900879,
            9.192200660705567,
            12.074345588684082,
            12.380572319030762
        ],
        "text": [],
        "type": 5
    },
    "SDNN": {
        "timestamp": [
            9.25999927520752,
            19.299999237060548,
            29.339998245239259,
            39.36000061035156
        ],
        "value": [
            11.78360366821289,
            14.866565704345704,
            18.386920928955079,
            5.73775577545166
        ],
        "text": [],
        "type": 6
    },
    "EOM": {
        "timestamp": [],
        "value": [],
        "text": [],
        "type": 7
    },