{
    "HR": {
        "timestamp": [
            0.4399986267089844,
            1.4399986267089844,
            2.4399986267089845,
            3.4399986267089845,
            4.439998626708984,
            5.439998626708984,
            6.459999084472656,
            7.459999084472656,
            8.459999084472657,
            9.459999084472657,
            10.459997177124024,
            11.479997634887696,
            12.479997634887696,
            13.479997634887696,
            14.479997634887696,
            15.539999008178711,
            16.53999900817871
        ],
        "value": [
            70.0,
            69.0,
            70.0,
            70.0,
            70.0,
            70.0,
            69.0,
            70.0,
            70.0,
            70.0,
            70.0,
            70.0,
            70.0,
            70.0,
            70.0,
            69.0,
            70.0
        ],
        "text": [],
        "type": 1
    },
    "RRi": {
        "timestamp": [
            0.4399986267089844,
            1.4399986267089844,
            2.4399986267089845,
            3.4399986267089845,
            4.439998626708984,
            5.439998626708984,
            6.459999084472656,
            7.459999084472656,
            8.459999084472657,
            9.459999084472657,
            10.459997177124024,
            11.479997634887696,
            12.479997634887696,
            13.479997634887696,
            14.479997634887696,
            15.539999008178711,
            16.53999900817871
        ],
        "value": [
            808.4310302734375,
            817.9055786132813,
            807.824951171875,
            802.8583374023438,
            814.723876953125,
            805.7290649414063,
            815.3866577148438,
            804.5576782226563,
            803.98291015625,
            794.1907958984375,
            796.4901733398438,
            808.4099731445313,
            793.0808715820313,
            801.32177734375,
            798.7752685546875,
            808.5560913085938,
            804.671630859375
        ],
        "text": [],
        "type": 2
    },
    "RMSSD": {
        "timestamp": [
            0.4399986267089844,
            1.4399986267089844,
            2.4399986267089845,
            3.4399986267089845,
            4.439998626708984,
            5.439998626708984,
            6.459999084472656,
            7.459999084472656,
            8.459999084472657,
            9.459999084472657,
            10.459997177124024,
            11.479997634887696,
            12.479997634887696,
            13.479997634887696,
            14.479997634887696,
            15.539999008178711,
            16.53999900817871
        ],
        "value": [
            9.095192909240723,
            9.095192909240723,
            8.563636779785157,
            8.82222843170166,
            10.059818267822266,
            9.648955345153809,
            9.210495948791504,
            9.224932670593262,
            8.587566375732422,
            8.587566375732422,
            8.587566375732422,
            8.587566375732422,
            8.587566375732422,
            8.587566375732422,
            8.587566375732422,
            8.587566375732422,
            8.587566375732422
        ],
        "text": [],
        "type": 5
    },
    "SDNN": {
        "timestamp": [
            9.459999084472657
        ],
        "value": [
            7.0430474281311039
        ],
        "text": [],
        "type": 6
    },
    "EOM": {
        "timestamp": [
            0.4399986267089844,
            1.4399986267089844,
            2.4399986267089845,
            3.4399986267089845,
            4.439998626708984,
            5.439998626708984,
            6.459999084472656,
            7.459999084472656,
            8.459999084472657,
            9.459999084472657,
            10.459997177124024,
            11.479997634887696,
            12.479997634887696,
            13.479997634887696,
            14.479997634887696,
            15.539999008178711,
            16.53999900817871
        ],
        "value": [
            0.31309622526168826,
            0.1714869737625122,
            0.5581784844398499,
            0.5921343564987183,
            0.04209411144256592,
            0.2511953115463257,
            0.14584660530090333,
            0.37325531244277956,
            0.6589745283126831,
            0.8483515977859497,
            0.8239479064941406,
            0.5341740250587463,
            0.8563573360443115,
            0.7310324311256409,
            0.7872308492660523,
            0.5304137468338013,
            0.6391218900680542
        ],
        "text": [],
        "type": 7
    },
    "automaticMarkers": {
        "timestamp": [],
        "value": [],
        "text": [],
        "type": 8
    },
    "manualMarkers": {
        "timestamp": [],
        "value": [],
        "text": [],
        "type": 9
    },
    "screenshots": {
        "timestamp": [],
        "value": [],
        "text": [],
        "type": 10
    },
    "headset_posX": {
        "timestamp": [],
        "value": [],
        "text": [],
        "type": 12
    },
    "headset_posY": {
        "timestamp": [],
        "value": [],
        "text": [],
        "type": 13
    },
    "headset_posZ": {
        "timestamp": [],
        "value": [],
        "text": [],
        "type": 14
    },
    "headset_q0": {
        "timestamp": [],
        "value": [],
        "text": [],
        "type": 15
    },
    "headset_qi": {
        "timestamp": [],
        "value": [],
        "text": [],
        "type": 16
    },
    "headset_qj": {
        "timestamp": [],
        "value": [],
        "text": [],
        "type": 17
    },
    "headset_qk": {
        "timestamp": [],
        "value": [],
        "text": [],
        "type": 18
    },
    "headset_yaw": {
        "timestamp": [],
        "value": [],
        "text": [],
        "type": 20
    },
    "headset_pitch": {
        "timestamp": [],
        "value": [],
        "text": [],
        "type": 19
    },
    "headset_roll": {
        "timestamp": [],
        "value": [],
        "text": [],
        "type": 21
    },
    "headset_velPosX": {
        "timestamp": [],
        "value": [],
        "text": [],
        "type": 23
    },
    "headset_velPosY": {
        "timestamp": [],
        "value": [],
        "text": [],
        "type": 25
    },
    "headset_velPosZ": {
        "timestamp": [],
        "value": [],
        "text": [],
        "type": 27
    },
    "headset_accPosX": {
        "timestamp": [],
        "value": [],
        "text": [],
        "type": 24
    },
    "headset_accPosY": {
        "timestamp": [],
        "value": [],
        "text": [],
        "type": 26
    },
    "headset_accPosZ": {
        "timestamp": [],
        "value": [],
        "text": [],
        "type": 28
    },
    "headset_velQuat0": {
        "timestamp": [],
        "value": [],
        "text": [],
        "type": 29
    },
    "headset_velQuati": {
        "timestamp": [],
        "value": [],
        "text": [],
        "type": 30
    },
    "headset_velQuatj": {
        "timestamp": [],
        "value": [],
        "text": [],
        "type": 31
    },
    "headset_velQuatk": {
        "timestamp": [],
        "value": [],
        "text": [],
        "type": 32
    },
    "headset_accQuat0": {
        "timestamp": [],
        "value": [],
        "text": [],
        "type": 33
    },
    "headset_accQuati": {
        "timestamp": [],
        "value": [],
        "text": [],
        "type": 34
    },
    "headset_accQuatj": {
        "timestamp": [],
        "value": [],
        "text": [],
        "type": 35
    },
    "headset_accQuatk": {
        "timestamp": [],
        "value": [],
        "text": [],
        "type": 36
    },
    "headset_velEuleri": {
        "timestamp": [],
        "value": [],
        "text": [],
        "type": 37
    },