{
    "HR": {
        "timestamp": [
            0.09999996423721314,
            1.0999999046325684,
            2.0999999046325685,
            3.119999885559082,
            4.119999885559082,
            5.119999885559082,
            6.139999866485596,
            7.1399993896484379,
            8.139999389648438,
            9.139999389648438,
            10.139999389648438,
            11.139999389648438,
            12.139999389648438,
            13.139999389648438,
            14.15999984741211,
            15.159998893737793,
            16.15999984741211,
            17.15999984741211,
            18.15999984741211,
            19.15999984741211,
            20.15999984741211,
            21.18000030517578,
            22.18000030517578,
            23.18000030517578,
            24.18000030517578,
            25.200000762939454,
            26.200000762939454,
            27.200000762939454,
            28.200000762939454,
            29.200000762939454,
            30.200000762939454,
            31.19999885559082,
            32.21999740600586,
            33.21999740600586,
            34.21999740600586,
            35.21999740600586,
            36.21999740600586,
            37.21999740600586
        ],
        "value": [
            69.0,
            69.0,
            69.0,
            68.0,
            68.0,
            67.0,
            67.0,
            67.0,
            66.0,
            66.0,
            66.0,
            65.0,
            66.0,
            66.0,
            66.0,
            67.0,
            67.0,
            66.0,
            66.0,
            66.0,
            66.0,
            66.0,
            66.0,
            65.0,
            66.0,
            65.0,
            65.0,
            65.0,
            66.0,
            66.0,
            65.0,
            66.0,
            66.0,
            66.0,
            66.0,
            66.0,
            65.0,
            66.0
        ],
        "text": [],
        "type": 1
    },
    "RRi": {
        "timestamp": [
            0.09999996423721314,
            1.0999999046325684,
            2.0999999046325685,
            3.119999885559082,
            4.119999885559082,
            5.119999885559082,
            6.139999866485596,
            7.1399993896484379,
            8.139999389648438,
            9.139999389648438,
            10.139999389648438,
            11.139999389648438,
            12.139999389648438,
            13.139999389648438,
            14.15999984741211,
            15.159998893737793,
            16.15999984741211,
            17.15999984741211,
            18.15999984741211,
            19.15999984741211,
            20.15999984741211,
            21.18000030517578,
            22.18000030517578,
            23.18000030517578,
            24.18000030517578,
            25.200000762939454,
            26.200000762939454,
            27.200000762939454,
            28.200000762939454,
            29.200000762939454,
            30.200000762939454,
            31.19999885559082,
            32.21999740600586,
            33.21999740600586,
            34.21999740600586,
            35.21999740600586,
            36.21999740600586,
            37.21999740600586
        ],
        "value": [
            807.7902221679688,
            807.3109130859375,
            817.0155029296875,
            835.3872680664063,
            853.83056640625,
            864.29638671875,
            881.7644653320313,
            890.0796508789063,
            896.9097900390625,
            920.094970703125,
            916.0264282226563,
            925.83740234375,
            916.8982543945313,
            911.5565795898438,
            909.7576293945313,
            898.0079956054688,
            889.1726684570313,
            897.5568237304688,
            905.8516845703125,
            921.140380859375,
            923.8824462890625,
            917.2642211914063,
            925.534423828125,
            929.5106811523438,
            927.4147338867188,
            941.1039428710938,
            928.9217529296875,
            930.6819458007813,
            924.4054565429688,
            924.20703125,
            926.5697021484375,
            914.3180541992188,
            917.8263549804688,
            911.140869140625,
            910.6844482421875,
            918.4239501953125,
            929.6973876953125,
            919.8115844726563
        ],
        "text": [],
        "type": 2
    },
    "RMSSD": {
        "timestamp": [
            0.09999996423721314,
            1.0999999046325684,
            2.0999999046325685,
            3.119999885559082,
            4.119999885559082,
            5.119999885559082,
            6.139999866485596,
            7.1399993896484379,
            8.139999389648438,
            9.139999389648438,
            10.139999389648438,
            11.139999389648438,
            12.139999389648438,
            13.139999389648438,
            14.15999984741211,
            15.159998893737793,
            16.15999984741211,
            17.15999984741211,
            18.15999984741211,
            19.15999984741211,
            20.15999984741211,
            21.18000030517578,
            22.18000030517578,
            23.18000030517578,
            24.18000030517578,
            25.200000762939454,
            26.200000762939454,
            27.200000762939454,
            28.200000762939454,
            29.200000762939454
        ],
        "value": [
            14.298789978027344,
            14.298789978027344,
            14.36207103729248,
            14.370100021362305,
            13.337018966674805,
            11.968769073486329,
            11.46475601196289,
            10.624321937561036,
            10.670866966247559,
            10.793258666992188,
            8.025667190551758,
            9.409765243530274,
            8.870406150817871,
            8.641305923461914,
            8.89389419555664,
            8.97209644317627,
            8.102301597595215,
            8.820160865783692,
            9.299156188964844,
            8.897954940795899,
            7.588092803955078,
            7.533133506774902,
            7.245797634124756,
            7.8472981452941898,
            7.822463035583496,
            8.103641510009766,
            6.698548793792725,
            5.919169902801514,
            6.986663818359375,
            7.436068534851074
        ],
        "text": [],
        "type": 5
    },
    "SDNN": {
        "timestamp": [
            9.139999389648438,
            19.15999984741211,
            29.200000762939454
        ],
        "value": [
            39.859561920166019,
            11.456543922424317,
            6.143162727355957
        ],
        "text": [],
        "type": 6
    },
    "EOM": {
        "timestamp": [],
        "value": [],
        "text": [],
        "type": 7
    },
    "automaticMarkers": {
        "timestamp": [],
        "value": [],
        "text": [],
        "type": 8
    },
    "manualMarkers": {
        "timestamp": [],
        "value": [],
        "text": [],
        "type": 9
    },
    "screenshots": {
        "timestamp": [],
        "value": [],
        "text": [],
        "type": 10
    },
    "headset_posX": {
        "timestamp": [],
        "value": [],
        "text": [],
        "type": 12
    },
    "headset_posY": {
        "timestamp": [],
        "value": [],
        "text": [],
        "type": 13
    },
    "headset_posZ": {
        "timestamp": [],
        "value": [],
        "text": [],
        "type": 14
    },
    "headset_q0": {
        "timestamp": [],
        "value": [],
        "text": [],
        "type": 15
    },
    "headset_qi": {
        "timestamp": [],
        "value": [],
        "text": [],
        "type": 16
    },
    "headset_qj": {
        "timestamp": [],
        "value": [],
        "text": [],
        "type": 17
    },
    "headset_qk": {
        "timestamp": [],
        "value": [],