{
    "HR": {
        "timestamp": [
            0.35999995470046999,
            1.3599998950958253,
            2.3600001335144045,
            3.380000114440918,
            4.380000114440918,
            5.380000114440918,
            6.380000114440918,
            7.380000114440918,
            8.399999618530274,
            9.399999618530274,
            10.399999618530274,
            11.399999618530274,
            12.399999618530274,
            13.399999618530274,
            14.399999618530274,
            15.419999122619629,
            16.419998168945314,
            17.419998168945314,
            18.419998168945314,
            19.419998168945314,
            20.419998168945314,
            21.419998168945314
        ],
        "value": [
            70.0,
            71.0,
            71.0,
            70.0,
            70.0,
            70.0,
            70.0,
            70.0,
            70.0,
            69.0,
            69.0,
            69.0,
            69.0,
            69.0,
            70.0,
            70.0,
            70.0,
            70.0,
            70.0,
            70.0,
            69.0,
            70.0
        ],
        "text": [],
        "type": 1
    },
    "RRi": {
        "timestamp": [
            0.35999995470046999,
            1.3599998950958253,
            2.3600001335144045,
            3.380000114440918,
            4.380000114440918,
            5.380000114440918,
            6.380000114440918,
            7.380000114440918,
            8.399999618530274,
            9.399999618530274,
            10.399999618530274,
            11.399999618530274,
            12.399999618530274,
            13.399999618530274,
            14.399999618530274,
            15.419999122619629,
            16.419998168945314,
            17.419998168945314,
            18.419998168945314,
            19.419998168945314,
            20.419998168945314,
            21.419998168945314
        ],
        "value": [
            799.2042236328125,
            780.4938354492188,
            779.8075561523438,
            792.5450439453125,
            803.9819946289063,
            790.3318481445313,
            801.4351806640625,
            805.8101806640625,
            806.79931640625,
            811.1107177734375,
            811.11474609375,
            833.3388061523438,
            836.169677734375,
            824.29052734375,
            809.4361572265625,
            795.2935180664063,
            802.2656860351563,
            787.156982421875,
            796.2515258789063,
            803.8342895507813,
            816.3517456054688,
            802.7182006835938
        ],
        "text": [],
        "type": 2
    },
    "RMSSD": {
        "timestamp": [
            0.35999995470046999,
            1.3599998950958253,
            2.3600001335144045,
            3.380000114440918,
            4.380000114440918,
            5.380000114440918,
            6.380000114440918,
            7.380000114440918,
            8.399999618530274,
            9.399999618530274,
            10.399999618530274,
            11.399999618530274,
            12.399999618530274,
            13.399999618530274,
            14.399999618530274,
            15.419999122619629,
            16.419998168945314,
            17.419998168945314,
            18.419998168945314,
            19.419998168945314,
            20.419998168945314,
            21.419998168945314
        ],
        "value": [
            10.498226165771485,
            10.498226165771485,
            8.444828033447266,
            11.23127555847168,
            10.440542221069336,
            10.495261192321778,
            10.6754150390625,
            11.067523956298829,
            11.21448040008545,
            12.289000511169434,
            12.575541496276856,
            12.82703971862793,
            11.272259712219239,
            12.117177963256836,
            12.117177963256836,
            12.117177963256836,
            12.117177963256836,
            12.117177963256836,
            12.117177963256836,
            12.117177963256836,
            12.117177963256836,
            12.117177963256836
        ],
        "text": [],
        "type": 5
    },
    "SDNN": {
        "timestamp": [
            9.399999618530274,
            19.419998168945314
        ],
        "value": [
            10.945061683654786,
            15.689166069030762
        ],
        "text": [],
        "type": 6
    },
    "EOM": {
        "timestamp": [
            0.35999995470046999,
            1.3599998950958253,
            2.3600001335144045,
            3.380000114440918,
            4.380000114440918,
            5.380000114440918,
            6.380000114440918,
            7.380000114440918,
            8.399999618530274,
            9.399999618530274,
            10.399999618530274,
            11.399999618530274,
            12.399999618530274,
            13.399999618530274,
            14.399999618530274,
            15.419999122619629,
            16.419998168945314,
            17.419998168945314,
            18.419998168945314,
            19.419998168945314,
            20.419998168945314,
            21.419998168945314
        ],
        "value": [
            0.7365738153457642,
            0.8950679302215576,
            0.9769463539123535,
            0.6947331428527832,
            0.6782046556472778,
            0.836059033870697,
            0.682837724685669,
            0.557014524936676,
            0.5154819488525391,
            0.25931644439697268,
            0.22288280725479127,
            0.05361074209213257,
            0.2980782985687256,
            0.16953164339065553,
            0.30708593130111697,
            0.4951210618019104,
            0.4051966667175293,
            0.5706737637519836,
            0.48384422063827517,
            0.38341373205184939,
            0.22785884141921998,
            0.39893215894699099
        ],
        "text": [],
        "type": 7
    },
    "automaticMarkers": {
        "timestamp": [],
        "value": [],
        "text": [],
        "type": 8
    },
    "manualMarkers": {
        "timestamp": [],
        "value": [],
        "text": [],
        "type": 9
    },
    "screenshots": {
        "timestamp": [],
        "value": [],
        "text": [],
        "type": 10
    },
    "headset_posX": {
        "timestamp": [],
        "value": [],
        "text": [],
        "type": 12
    },
    "headset_posY": {
        "timestamp": [],
        "value": [],
        "text": [],
        "type": 13
    },
    "headset_posZ": {
        "timestamp": [],
        "value": [],
        "text": [],
        "type": 14
    },
    "headset_q0": {
        "timestamp": [],
        "value": [],
        "text": [],
        "type": 15
    },
    "headset_qi": {
        "timestamp": [],
        "value": [],
        "text": [],
        "type": 16
    },
    "headset_qj": {
        "timestamp": [],
        "value": [],
        "text": [],
        "type": 17
    },
    "headset_qk": {
        "timestamp": [],
        "value": [],
        "text": [],
        "type": 18
    },
    "headset_yaw": {
        "timestamp": [],
        "value": [],
        "text": [],
        "type": 20
    },
    "headset_pitch": {
        "timestamp": [],
        "value": [],
        "text": [],
        "type": 19
    },
    "headset_roll": {
        "timestamp": [],
        "value": [],
        "text": [],
        "type": 21
    },
    "headset_velPosX": {
        "timestamp": [],
        "value": [],
        "text": [],
        "type": 23
    },
    "headset_velPosY": {
        "timestamp": [],
        "value": [],
        "text": [],
        "type": 25
    },
    "headset_velPosZ": {
        "timestamp": [],
        "value": [],
        "text": [],
        "type": 27
    },
    "headset_accPosX": {
        "timestamp": [],
        "value": [],
        "text": [],
        "type": 24
    },
    "headset_accPosY": {
        "timestamp": [],