{
    "HR": {
        "timestamp": [
            0.6199989318847656,
            1.6399993896484376,
            2.6399993896484377,
            3.6399993896484377,
            4.6399993896484379,
            5.6399993896484379,
            6.6399993896484379,
            7.6399993896484379,
            8.639999389648438,
            9.639999389648438,
            10.639999389648438,
            11.639999389648438,
            12.65999984741211,
            13.65999984741211,
            14.65999984741211,
            15.65999984741211,
            16.65999984741211,
            17.65999984741211,
            18.65999984741211,
            19.679996490478517,
            20.679996490478517,
            21.679996490478517,
            22.679996490478517,
            23.700000762939454,
            24.700000762939454,
            25.700000762939454,
            26.700000762939454,
            27.700000762939454,
            28.700000762939454,
            29.700000762939454,
            30.71999740600586
        ],
        "value": [
            68.0,
            69.0,
            68.0,
            68.0,
            68.0,
            68.0,
            68.0,
            68.0,
            69.0,
            69.0,
            69.0,
            69.0,
            69.0,
            68.0,
            69.0,
            69.0,
            69.0,
            69.0,
            68.0,
            68.0,
            68.0,
            68.0,
            67.0,
            67.0,
            67.0,
            67.0,
            68.0,
            67.0,
            67.0,
            66.0,
            66.0
        ],
        "text": [],
        "type": 1
    },
    "RRi": {
        "timestamp": [
            0.6199989318847656,
            1.6399993896484376,
            2.6399993896484377,
            3.6399993896484377,
            4.6399993896484379,
            5.6399993896484379,
            6.6399993896484379,
            7.6399993896484379,
            8.639999389648438,
            9.639999389648438,
            10.639999389648438,
            11.639999389648438,
            12.65999984741211,
            13.65999984741211,
            14.65999984741211,
            15.65999984741211,
            16.65999984741211,
            17.65999984741211,
            18.65999984741211,
            19.679996490478517,
            20.679996490478517,
            21.679996490478517,
            22.679996490478517,
            23.700000762939454,
            24.700000762939454,
            25.700000762939454,
            26.700000762939454,
            27.700000762939454,
            28.700000762939454,
            29.700000762939454,
            30.71999740600586
        ],
        "value": [
            829.1279907226563,
            813.0321044921875,
            819.3784790039063,
            817.1801147460938,
            816.7918701171875,
            817.9407348632813,
            827.5432739257813,
            811.093505859375,
            796.2296752929688,
            788.315673828125,
            792.28759765625,
            798.4039306640625,
            806.3937377929688,
            816.5448608398438,
            803.3942260742188,
            794.1181640625,
            808.0735473632813,
            804.5936889648438,
            814.1926879882813,
            833.1962890625,
            833.1470947265625,
            833.1121215820313,
            843.9215087890625,
            851.2957153320313,
            834.8779296875,
            835.5949096679688,
            826.3112182617188,
            836.0133056640625,
            858.1841430664063,
            877.1304931640625,
            870.4945068359375
        ],
        "text": [],
        "type": 2
    },
    "RMSSD": {
        "timestamp": [
            0.6199989318847656,
            1.6399993896484376,
            2.6399993896484377,
            3.6399993896484377,
            4.6399993896484379,
            5.6399993896484379,
            6.6399993896484379,
            7.6399993896484379,
            8.639999389648438,
            9.639999389648438,
            10.639999389648438,
            11.639999389648438,
            12.65999984741211,
            13.65999984741211,
            14.65999984741211,
            15.65999984741211,
            16.65999984741211,
            17.65999984741211,
            18.65999984741211,
            19.679996490478517,
            20.679996490478517,
            21.679996490478517,
            22.679996490478517
        ],
        "value": [
            10.284972190856934,
            10.284972190856934,
            8.873960494995118,
            8.85599422454834,
            9.218711853027344,
            9.819235801696778,
            10.746450424194336,
            10.714539527893067,
            10.313798904418946,
            9.119856834411621,
            9.297882080078125,
            11.172467231750489,
            10.984883308410645,
            10.657148361206055,
            10.728833198547364,
            10.096261024475098,
            11.059982299804688,
            10.036988258361817,
            10.438963890075684,
            10.44954776763916,
            11.121283531188965,
            12.789355278015137,
            12.979228973388672
        ],
        "text": [],
        "type": 5
    },
    "SDNN": {
        "timestamp": [
            9.639999389648438,
            19.679996490478517,
            29.700000762939454
        ],
        "value": [
            12.729499816894532,
            12.755369186401368,
            14.814606666564942
        ],
        "text": [],
        "type": 6
    },
    "EOM": {
        "timestamp": [],
        "value": [],
        "text": [],
        "type": 7
    },
    "automaticMarkers": {
        "timestamp": [],
        "value": [],
        "text": [],
        "type": 8
    },
    "manualMarkers": {
        "timestamp": [],
        "value": [],
        "text": [],
        "type": 9
    },
    "screenshots": {
        "timestamp": [],
        "value": [],
        "text": [],
        "type": 10
    },
    "headset_posX": {
        "timestamp": [],
        "value": [],
        "text": [],
        "type": 12
    },
    "headset_posY": {
        "timestamp": [],
        "value": [],
        "text": [],
        "type": 13
    },
    "headset_posZ": {
        "timestamp": [],
        "value": [],
        "text": [],
        "type": 14
    },
    "headset_q0": {
        "timestamp": [],
        "value": [],
        "text": [],
        "type": 15
    },
    "headset_qi": {
        "timestamp": [],
        "value": [],
        "text": [],
        "type": 16
    },
    "headset_qj": {
        "timestamp": [],
        "value": [],
        "text": [],
        "type": 17
    },
    "headset_qk": {
        "timestamp": [],
        "value": [],
        "text": [],
        "type": 18
    },
    "headset_yaw": {
        "timestamp": [],
        "value": [],
        "text": [],
        "type": 20
    },
    "headset_pitch": {
        "timestamp": [],
        "value": [],
        "text": [],
        "type": 19
    },
    "headset_roll": {
        "timestamp": [],
        "value": [],
        "text": [],
        "type": 21
    },
    "headset_velPosX": {
        "timestamp": [],
        "value": [],
        "text": [],
        "type": 23
    },
    "headset_velPosY": {
        "timestamp": [],
        "value": [],
        "text": [],
        "type": 25
    },
    "headset_velPosZ": {
        "timestamp": [],
        "value": [],
        "text": [],
        "type": 27
    },
    "headset_accPosX": {
        "timestamp": [],
        "value": [],
        "text": [],
        "type": 24
    },
    "headset_accPosY": {
        "timestamp": [],
        "value": [],
        "text": [],
        "type": 26
    },
    "headset_accPosZ": {
        "timestamp": [],
        "value": [],
        "text": [],
        "type": 28
    },
    "headset_velQuat0": {
        "timestamp": [],
        "value": [],
        "text": [],
        "type": 29
    },