{
    "HR": {
        "timestamp": [
            0.7799997329711914,
            1.7799997329711915,
            2.8000001907348635,
            3.8000001907348635,
            4.799999237060547,
            5.799999237060547,
            6.819999694824219,
            7.819999694824219,
            8.819999694824219,
            9.819999694824219,
            10.819999694824219,
            11.819999694824219
        ],
        "value": [
            70.0,
            70.0,
            69.0,
            70.0,
            69.0,
            69.0,
            69.0,
            69.0,
            69.0,
            69.0,
            70.0,
            70.0
        ],
        "text": [],
        "type": 1
    },
    "RRi": {
        "timestamp": [
            0.7799997329711914,
            1.7799997329711915,
            2.8000001907348635,
            3.8000001907348635,
            4.799999237060547,
            5.799999237060547,
            6.819999694824219,
            7.819999694824219,
            8.819999694824219,
            9.819999694824219,
            10.819999694824219,
            11.819999694824219
        ],
        "value": [
            821.4696655273438,
            819.4448852539063,
            823.1414184570313,
            814.7711791992188,
            833.010986328125,
            841.4561157226563,
            837.0729370117188,
            838.591064453125,
            832.799560546875,
            830.725341796875,
            811.8965454101563,
            811.3167724609375
        ],
        "text": [],
        "type": 2
    },
    "RMSSD": {
        "timestamp": [
            0.7799997329711914,
            1.7799997329711915,
            2.8000001907348635,
            3.8000001907348635
        ],
        "value": [
            7.8258585929870609,
            7.8258585929870609,
            10.00899887084961,
            9.934743881225586
        ],
        "text": [],
        "type": 5
    },
    "SDNN": {
        "timestamp": [
            9.819999694824219
        ],
        "value": [
            9.006102561950684
        ],
        "text": [],
        "type": 6
    },
    "EOM": {
        "timestamp": [],
        "value": [],
        "text": [],
        "type": 7
    },
    "automaticMarkers": {
        "timestamp": [],
        "value": [],
        "text": [],
        "type": 8
    },
    "manualMarkers": {
        "timestamp": [],
        "value": [],
        "text": [],
        "type": 9
    },
    "screenshots": {
        "timestamp": [],
        "value": [],
        "text": [],
        "type": 10
    },
    "headset_posX": {
        "timestamp": [],
        "value": [],
        "text": [],
        "type": 12
    },
    "headset_posY": {
        "timestamp": [],
        "value": [],
        "text": [],
        "type": 13
    },
    "headset_posZ": {
        "timestamp": [],
        "value": [],
        "text": [],
        "type": 14
    },
    "headset_q0": {
        "timestamp": [],
        "value": [],
        "text": [],
        "type": 15
    },
    "headset_qi": {
        "timestamp": [],
        "value": [],
        "text": [],
        "type": 16
    },
    "headset_qj": {
        "timestamp": [],
        "value": [],
        "text": [],
        "type": 17
    },
    "headset_qk": {
        "timestamp": [],
        "value": [],
        "text": [],
        "type": 18
    },
    "headset_yaw": {
        "timestamp": [],
        "value": [],
        "text": [],
        "type": 20
    },
    "headset_pitch": {
        "timestamp": [],
        "value": [],
        "text": [],
        "type": 19
    },
    "headset_roll": {
        "timestamp": [],
        "value": [],
        "text": [],
        "type": 21
    },
    "headset_velPosX": {
        "timestamp": [],
        "value": [],
        "text": [],
        "type": 23
    },
    "headset_velPosY": {
        "timestamp": [],
        "value": [],
        "text": [],
        "type": 25
    },
    "headset_velPosZ": {
        "timestamp": [],
        "value": [],
        "text": [],
        "type": 27
    },
    "headset_accPosX": {
        "timestamp": [],
        "value": [],
        "text": [],
        "type": 24
    },
    "headset_accPosY": {
        "timestamp": [],
        "value": [],
        "text": [],
        "type": 26
    },
    "headset_accPosZ": {
        "timestamp": [],
        "value": [],
        "text": [],
        "type": 28
    },
    "headset_velQuat0": {
        "timestamp": [],
        "value": [],
        "text": [],
        "type": 29
    },
    "headset_velQuati": {
        "timestamp": [],
        "value": [],
        "text": [],
        "type": 30
    },
    "headset_velQuatj": {
        "timestamp": [],
        "value": [],
        "text": [],
        "type": 31
    },
    "headset_velQuatk": {
        "timestamp": [],
        "value": [],
        "text": [],
        "type": 32
    },
    "headset_accQuat0": {
        "timestamp": [],
        "value": [],
        "text": [],
        "type": 33
    },
    "headset_accQuati": {
        "timestamp": [],
        "value": [],
        "text": [],
        "type": 34
    },
    "headset_accQuatj": {
        "timestamp": [],
        "value": [],
        "text": [],
        "type": 35
    },
    "headset_accQuatk": {
        "timestamp": [],
        "value": [],
        "text": [],
        "type": 36
    },
    "headset_velEuleri": {
        "timestamp": [],
        "value": [],
        "text": [],
        "type": 37
    },
    "headset_velEulerj": {
        "timestamp": [],
        "value": [],
        "text": [],
        "type": 38
    },
    "headset_velEulerk": {
        "timestamp": [],
        "value": [],
        "text": [],
        "type": 39
    },
    "headset_accEuleri": {
        "timestamp": [],
        "value": [],
        "text": [],
        "type": 40
    },
    "headset_accEulerj": {
        "timestamp": [],
        "value": [],
        "text": [],
        "type": 41
    },
    "headset_accEulerk": {
        "timestamp": [],
        "value": [],
        "text": [],
        "type": 42
    }
}