{
    "HR": {
        "timestamp": [
            0.23999786376953126,
            1.2600021362304688,
            2.2600021362304689,
            3.2600021362304689,
            4.260002136230469,
            5.279998779296875,
            6.279998779296875,
            7.279998779296875,
            8.279998779296875,
            9.279998779296875,
            10.279998779296875,
            11.300003051757813,
            12.300003051757813,
            13.300003051757813,
            14.300003051757813,
            15.300003051757813,
            16.300003051757814,
            17.300003051757814,
            18.300003051757814,
            19.29999542236328,
            20.31999969482422,
            21.31999969482422,
            22.31999969482422,
            23.31999969482422,
            24.31999969482422,
            25.31999969482422,
            26.31999969482422,
            27.340003967285158,
            28.340003967285158,
            29.340003967285158,
            30.340003967285158,
            31.340003967285158,
            32.35999298095703,
            33.35999298095703,
            34.35999298095703,
            35.35999298095703,
            36.35999298095703,
            37.35999298095703,
            38.35999298095703,
            39.35999298095703,
            40.37999725341797,
            41.37999725341797,
            42.37999725341797,
            43.37999725341797,
            44.37999725341797,
            45.37999725341797,
            46.37999725341797,
            47.400001525878909,
            48.400001525878909,
            49.400001525878909,
            50.400001525878909,
            51.420005798339847,
            52.420005798339847,
            53.420005798339847,
            54.420005798339847
        ],
        "value": [
            67.0,
            67.0,
            67.0,
            67.0,
            67.0,
            67.0,
            68.0,
            68.0,
            68.0,
            68.0,
            68.0,
            68.0,
            67.0,
            67.0,
            67.0,
            67.0,
            66.0,
            67.0,
            67.0,
            67.0,
            66.0,
            66.0,
            66.0,
            67.0,
            67.0,
            67.0,
            66.0,
            66.0,
            66.0,
            66.0,
            66.0,
            65.0,
            66.0,
            66.0,
            65.0,
            66.0,
            66.0,
            66.0,
            66.0,
            66.0,
            67.0,
            66.0,
            66.0,
            66.0,
            67.0,
            67.0,
            67.0,
            68.0,
            67.0,
            66.0,
            67.0,
            67.0,
            67.0,
            67.0,
            66.0
        ],
        "text": [],
        "type": 1
    },
    "RRi": {
        "timestamp": [
            0.23999786376953126,
            1.2600021362304688,
            2.2600021362304689,
            3.2600021362304689,
            4.260002136230469,
            5.279998779296875,
            6.279998779296875,
            7.279998779296875,
            8.279998779296875,
            9.279998779296875,
            10.279998779296875,
            11.300003051757813,
            12.300003051757813,
            13.300003051757813,
            14.300003051757813,
            15.300003051757813,
            16.300003051757814,
            17.300003051757814,
            18.300003051757814,
            19.29999542236328,
            20.31999969482422,
            21.31999969482422,
            22.31999969482422,
            23.31999969482422,
            24.31999969482422,
            25.31999969482422,
            26.31999969482422,
            27.340003967285158,
            28.340003967285158,
            29.340003967285158,
            30.340003967285158,
            31.340003967285158,
            32.35999298095703,
            33.35999298095703,
            34.35999298095703,
            35.35999298095703,
            36.35999298095703,
            37.35999298095703,
            38.35999298095703,
            39.35999298095703,
            40.37999725341797,
            41.37999725341797,
            42.37999725341797,
            43.37999725341797,
            44.37999725341797,
            45.37999725341797,
            46.37999725341797,
            47.400001525878909,
            48.400001525878909,
            49.400001525878909,
            50.400001525878909,
            51.420005798339847,
            52.420005798339847,
            53.420005798339847,
            54.420005798339847
        ],
        "value": [
            807.1448364257813,
            807.0323486328125,
            794.8351440429688,
            801.2904663085938,
            802.4837646484375,
            794.69921875,
            789.4235229492188,
            783.9021606445313,
            778.5076904296875,
            769.5328979492188,
            775.1271362304688,
            781.9866333007813,
            792.0439453125,
            787.8224487304688,
            798.0968017578125,
            815.6287231445313,
            821.5233764648438,
            798.6129150390625,
            798.185546875,
            803.9003295898438,
            815.8662719726563,
            821.3253173828125,
            816.2151489257813,
            807.9411010742188,
            804.8933715820313,
            804.1843872070313,
            811.43798828125,
            802.8516845703125,
            812.6168823242188,
            805.6099853515625,
            813.9625854492188,
            820.1891479492188,
            816.9281005859375,
            813.1806030273438,
            822.169921875,
            802.9688110351563,
            788.119873046875,
            796.7676391601563,
            779.9510498046875,
            783.389404296875,
            774.9284057617188,
            790.1593017578125,
            798.9448852539063,
            777.9956665039063,
            770.654296875,
            768.4971313476563,
            758.314697265625,
            751.1961669921875,
            762.7284545898438,
            777.9227294921875,
            763.365478515625,
            772.2432861328125,
            764.0391235351563,
            772.5638427734375,
            779.5645141601563
        ],
        "text": [],
        "type": 2
    },
    "RMSSD": {
        "timestamp": [
            0.23999786376953126,
            1.2600021362304688,
            2.2600021362304689,
            3.2600021362304689,
            4.260002136230469,
            5.279998779296875,
            6.279998779296875,
            7.279998779296875,
            8.279998779296875,
            9.279998779296875,
            10.279998779296875,
            11.300003051757813,
            12.300003051757813,
            13.300003051757813,
            14.300003051757813,
            15.300003051757813,
            16.300003051757814,
            17.300003051757814,
            18.300003051757814,
            19.29999542236328,
            20.31999969482422,
            21.31999969482422,
            22.31999969482422,
            23.31999969482422,
            24.31999969482422,
            25.31999969482422,
            26.31999969482422,
            27.340003967285158,
            28.340003967285158,
            29.340003967285158,
            30.340003967285158,
            31.340003967285158,
            32.35999298095703,
            33.35999298095703,
            34.35999298095703,
            35.35999298095703,
            36.35999298095703,
            37.35999298095703,
            38.35999298095703,
            39.35999298095703,
            40.37999725341797,
            41.37999725341797,
            42.37999725341797,
            43.37999725341797,
            44.37999725341797,
            45.37999725341797,
            46.37999725341797
        ],